Date,Open,High,Low,Close,Adjclose,Volume
2020-01-01,129.6306610107422,132.83535766601562,129.1982879638672,130.802001953125,130.802001953125,7935230330
2020-01-02,130.82003784179688,130.82003784179688,126.95491027832031,127.4101791381836,127.4101791381836,8032709256
2020-01-03,127.41126251220703,134.55401611328125,126.49002075195312,134.1717071533203,134.1717071533203,10476845358
2020-01-04,134.16851806640625,136.05271911621094,133.04055786132812,135.06936645507812,135.06936645507812,7430904515
2020-01-05,135.0720977783203,139.4102020263672,135.04562377929688,136.2767791748047,136.2767791748047,7526675353
2020-01-06,136.3055419921875,144.32818603515625,136.0796356201172,144.3041534423828,144.3041534423828,9093747121
2020-01-07,144.31199645996094,145.00177001953125,140.48887634277344,143.5439910888672,143.5439910888672,9257954672
2020-01-08,143.48782348632812,146.8280029296875,138.26820373535156,141.2581329345703,141.2581329345703,9387194957
2020-01-09,141.15577697753906,141.39398193359375,136.2364044189453,138.9792022705078,138.9792022705078,7697325348
2020-01-10,138.967041015625,144.16732788085938,135.52040100097656,143.96377563476562,143.96377563476562,9084816203
2020-01-11,143.4091033935547,146.4809112548828,142.2079620361328,142.92710876464844,142.92710876464844,9332208590
2020-01-12,143.0325469970703,146.14585876464844,142.7076416015625,145.87393188476562,145.87393188476562,8528167453
2020-01-13,146.2201385498047,146.79122924804688,142.90713500976562,144.22659301757812,144.22659301757812,8378529470
2020-01-14,144.2510528564453,167.68154907226562,144.06492614746094,165.95535278320312,165.95535278320312,16712318373
2020-01-15,165.734619140625,170.42567443847656,161.109619140625,166.23068237304688,166.23068237304688,15173694057
2020-01-16,166.33282470703125,167.0581512451172,159.7096405029297,164.39100646972656,164.39100646972656,13735193018
2020-01-17,164.4893798828125,173.0692138671875,162.77560424804688,170.7799530029297,170.7799530029297,14997091826
2020-01-18,170.7477264404297,178.52877807617188,166.7890167236328,175.3656768798828,175.3656768798828,14929342256
2020-01-19,175.46759033203125,177.2476348876953,163.67686462402344,166.9698486328125,166.9698486328125,13713374132
2020-01-20,166.9041290283203,169.11488342285156,162.33160400390625,167.12051391601562,167.12051391601562,11144529787
2020-01-21,167.0604705810547,169.9101104736328,165.81971740722656,169.69715881347656,169.69715881347656,9789369362
2020-01-22,169.60853576660156,171.00869750976562,166.77423095703125,168.29415893554688,168.29415893554688,9209827928
2020-01-23,168.2957000732422,168.31224060058594,160.29531860351562,162.92855834960938,162.92855834960938,10396868698
2020-01-24,162.8993682861328,164.3094482421875,156.74974060058594,163.05117797851562,163.05117797851562,10657671162
2020-01-25,163.06729125976562,163.22723388671875,158.63247680664062,161.283935546875,161.283935546875,8256956802
2020-01-26,161.17681884765625,168.22032165527344,160.2811279296875,168.0771026611328,168.0771026611328,9261861590
2020-01-27,168.00885009765625,172.92291259765625,166.90109252929688,170.93089294433594,170.93089294433594,11004476145
2020-01-28,170.88485717773438,176.3703155517578,170.73806762695312,176.3703155517578,176.3703155517578,11772875064
2020-01-29,176.34788513183594,178.8429718017578,175.0503387451172,175.0503387451172,175.0503387451172,10725267311
2020-01-30,174.91770935058594,186.26048278808594,172.3746337890625,184.6904754638672,184.6904754638672,12604789338
2020-01-31,184.73690795898438,185.4058380126953,176.29681396484375,180.16017150878906,180.16017150878906,11728616394
2020-02-01,180.11376953125,183.84555053710938,179.74517822265625,183.6739501953125,183.6739501953125,11569697182
2020-02-02,183.53250122070312,193.0803985595703,180.1739501953125,188.61753845214844,188.61753845214844,14054425389
2020-02-03,188.60740661621094,193.4368896484375,188.0126953125,189.8650665283203,189.8650665283203,12392875241
2020-02-04,189.86172485351562,191.1114959716797,185.40362548828125,189.25059509277344,189.25059509277344,11714191695
2020-02-05,189.29910278320312,206.8040008544922,188.752685546875,204.23023986816406,204.23023986816406,14865434435
2020-02-06,204.12969970703125,214.59771728515625,201.90406799316406,212.33908081054688,212.33908081054688,16425589683
2020-02-07,212.31588745117188,223.14093017578125,212.30419921875,222.72605895996094,222.72605895996094,16673443564
2020-02-08,222.51097106933594,226.5880889892578,215.38629150390625,223.14651489257812,223.14651489257812,16741203125
2020-02-09,222.98223876953125,229.86424255371094,222.98223876953125,228.5785675048828,228.5785675048828,15031356241
2020-02-10,228.54913330078125,229.1846160888672,218.08004760742188,223.522705078125,223.522705078125,16210008511
2020-02-11,223.3849334716797,236.54713439941406,218.61761474609375,235.8511962890625,235.8511962890625,16964695963
2020-02-12,235.89822387695312,272.3988342285156,235.89627075195312,265.4061279296875,265.4061279296875,24545049386
2020-02-13,265.0527038574219,273.7410583496094,258.9225158691406,268.0992431640625,268.0992431640625,25801317504
2020-02-14,268.0232849121094,285.0564270019531,262.76251220703125,284.2174987792969,284.2174987792969,23558253463
2020-02-15,284.5613098144531,287.1236877441406,264.2796630859375,264.72857666015625,264.72857666015625,23682452994
2020-02-16,264.904052734375,272.8824462890625,242.48440551757812,259.89471435546875,259.89471435546875,25152366643
2020-02-17,259.89056396484375,266.8712463378906,244.3353271484375,266.3634338378906,266.3634338378906,26024080089
2020-02-18,266.5088195800781,283.1961364746094,261.4638977050781,281.944580078125,281.944580078125,26511477187
2020-02-19,282.0362854003906,283.5379333496094,259.76397705078125,259.76397705078125,259.76397705078125,22679414413
2020-02-20,259.8198547363281,263.6954040527344,250.95126342773438,257.949462890625,257.949462890625,23229828870
2020-02-21,257.89111328125,267.0048522949219,255.6890869140625,265.6006164550781,265.6006164550781,20867593292
2020-02-22,265.55157470703125,266.38720703125,258.91314697265625,262.33172607421875,262.33172607421875,16906032862
2020-02-23,262.2784118652344,273.754150390625,261.96051025390625,273.754150390625,273.754150390625,19585998814
2020-02-24,273.705078125,275.5395202636719,259.6251525878906,265.2164306640625,265.2164306640625,22400845640
2020-02-25,265.28338623046875,265.4314880371094,246.85899353027344,247.81759643554688,247.81759643554688,21878882134
2020-02-26,247.74020385742188,249.6497039794922,221.2665557861328,225.68026733398438,225.68026733398438,26235617201
2020-02-27,225.68704223632812,237.2289276123047,212.66452026367188,226.75338745117188,226.75338745117188,25645522790
2020-02-28,226.98760986328125,234.2089385986328,216.34620666503906,226.760498046875,226.760498046875,22563530559
2020-02-29,226.8334503173828,232.25662231445312,219.8485107421875,219.8485107421875,219.8485107421875,18181296376
2020-03-01,219.752685546875,226.67788696289062,214.13043212890625,218.97059631347656,218.97059631347656,18179807469
2020-03-02,218.7116241455078,232.81158447265625,217.28428649902344,230.5697784423828,230.5697784423828,20305587789
2020-03-03,230.5239715576172,232.3258056640625,221.732666015625,224.47962951660156,224.47962951660156,19853178572
2020-03-04,224.56533813476562,228.04042053222656,222.08888244628906,224.51797485351562,224.51797485351562,16567075208
2020-03-05,224.6418914794922,234.3644561767578,224.6418914794922,229.2681884765625,229.2681884765625,18201291785
2020-03-06,229.16842651367188,243.5549774169922,228.7435760498047,243.52529907226562,243.52529907226562,19374772256
2020-03-07,243.7501983642578,249.97848510742188,237.55128479003906,237.85308837890625,237.85308837890625,19431652027
2020-03-08,237.7806854248047,237.7806854248047,200.6029815673828,200.68905639648438,200.68905639648438,21381823651
2020-03-09,201.31849670410156,207.45140075683594,192.2698974609375,201.986328125,201.986328125,23645428606
2020-03-10,202.86395263671875,205.71424865722656,198.0644989013672,200.76724243164062,200.76724243164062,18344930072
2020-03-11,200.76803588867188,202.9542999267578,184.36215209960938,194.8685302734375,194.8685302734375,16984790291
2020-03-12,194.73892211914062,195.14793395996094,111.21070861816406,112.34712219238281,112.34712219238281,22134741655
2020-03-13,112.68999481201172,137.42953491210938,95.1843032836914,133.20181274414062,133.20181274414062,27864623061
2020-03-14,133.5824737548828,134.484375,122.41447448730469,123.30602264404297,123.30602264404297,12740784545
2020-03-15,123.24606323242188,132.2421417236328,121.85365295410156,125.21430206298828,125.21430206298828,12719251813
2020-03-16,124.9961166381836,124.9961166381836,105.17144012451172,110.60587310791016,110.60587310791016,15984904590
2020-03-17,110.40678405761719,118.98828125,110.40678405761719,113.9427490234375,113.9427490234375,12087490572
2020-03-18,113.8576431274414,116.02162170410156,111.74311065673828,114.84226989746094,114.84226989746094,11617854009
2020-03-19,114.83982849121094,140.52772521972656,114.73286437988281,136.59385681152344,136.59385681152344,16396753275
2020-03-20,136.64927673339844,150.8538055419922,122.60565948486328,132.73716735839844,132.73716735839844,18960388062
2020-03-21,133.1017608642578,135.972412109375,127.16375732421875,132.81871032714844,132.81871032714844,13684083308
2020-03-22,132.85113525390625,136.15164184570312,122.90933227539062,123.32115173339844,123.32115173339844,12497707224
2020-03-23,123.36598205566406,134.91160583496094,121.86788177490234,134.91160583496094,134.91160583496094,14149877968
2020-03-24,135.1941375732422,141.9485321044922,133.1687774658203,138.76144409179688,138.76144409179688,14609068673
2020-03-25,138.9149627685547,141.40379333496094,134.30422973632812,136.19589233398438,136.19589233398438,13433092920
2020-03-26,136.190673828125,138.83056640625,134.8860321044922,138.36155700683594,138.36155700683594,11367261176
2020-03-27,138.36993408203125,139.90269470214844,133.9379425048828,133.9379425048828,133.9379425048828,11396286629
2020-03-28,134.03274536132812,134.03274536132812,126.96218872070312,130.9864959716797,130.9864959716797,12162403960
2020-03-29,131.0153350830078,131.17408752441406,125.4500503540039,125.58373260498047,125.58373260498047,9938133669
2020-03-30,125.57789611816406,133.91146850585938,125.28968048095703,132.904541015625,132.904541015625,11841123306
2020-03-31,132.8209228515625,134.27413940429688,131.65289306640625,133.59356689453125,133.59356689453125,11065246317
2020-04-01,133.61231994628906,135.63455200195312,129.73094177246094,135.63455200195312,135.63455200195312,12456564435
2020-04-02,135.732177734375,146.78709411621094,135.732177734375,142.02914428710938,142.02914428710938,15322861686
2020-04-03,142.11045837402344,146.89987182617188,139.619384765625,142.09130859375,142.09130859375,13184603402
2020-04-04,142.21517944335938,145.37730407714844,140.121826171875,145.21939086914062,145.21939086914062,11946658257
2020-04-05,145.26101684570312,146.12852478027344,142.10208129882812,143.54664611816406,143.54664611816406,11280993591
2020-04-06,143.60821533203125,169.27264404296875,143.5446014404297,169.13587951660156,169.13587951660156,21636382525
2020-04-07,169.14744567871094,175.20413208007812,164.2033233642578,165.10194396972656,165.10194396972656,21659346091
2020-04-08,165.24032592773438,173.21026611328125,164.49319458007812,172.64173889160156,172.64173889160156,17063110836
2020-04-09,172.76126098632812,172.8977813720703,167.98712158203125,170.80714416503906,170.80714416503906,14901696210
2020-04-10,170.8292694091797,170.94976806640625,154.9144744873047,158.41244506835938,158.41244506835938,17980944616
2020-04-11,158.5389862060547,161.16757202148438,155.29833984375,158.2160186767578,158.2160186767578,13555089447
2020-04-12,158.23239135742188,164.51695251464844,156.3205108642578,161.14242553710938,161.14242553710938,15123721386
2020-04-13,160.72067260742188,160.74969482421875,151.61448669433594,156.27955627441406,156.27955627441406,16465282133
2020-04-14,156.35595703125,160.94427490234375,155.86593627929688,157.5963897705078,157.5963897705078,14723156630
2020-04-15,157.56564331054688,160.71112060546875,152.80284118652344,153.28689575195312,153.28689575195312,14171753737
2020-04-16,153.20042419433594,173.1572723388672,150.3594207763672,172.15737915039062,172.15737915039062,22910469236
2020-04-17,172.2794189453125,174.27590942382812,169.75157165527344,171.63858032226562,171.63858032226562,16714684266
2020-04-18,171.61807250976562,187.9404754638672,171.61807250976562,186.91400146484375,186.91400146484375,20160323443
2020-04-19,186.8619842529297,188.0989227294922,180.12081909179688,181.61495971679688,181.61495971679688,19146038381
2020-04-20,181.480224609375,186.0835418701172,170.32127380371094,172.2971649169922,172.2971649169922,21266681335
2020-04-21,172.01771545410156,175.178466796875,170.55284118652344,172.73770141601562,172.73770141601562,16458767984
2020-04-22,172.67039489746094,183.75100708007812,171.82659912109375,182.59957885742188,182.59957885742188,17994666395
2020-04-23,182.62017822265625,189.0888671875,180.3406524658203,185.02867126464844,185.02867126464844,21275740032
2020-04-24,185.22210693359375,190.21038818359375,185.22210693359375,189.2369384765625,189.2369384765625,16788555028
2020-04-25,189.2073974609375,196.79237365722656,188.45953369140625,195.5153045654297,195.5153045654297,18260969748
2020-04-26,195.41358947753906,199.344970703125,194.76806640625,197.31753540039062,197.31753540039062,18335367012
2020-04-27,197.47572326660156,199.55279541015625,193.45416259765625,197.22471618652344,197.22471618652344,18670194595
2020-04-28,197.2735137939453,198.7865447998047,194.84942626953125,198.41539001464844,198.41539001464844,18217507467
2020-04-29,198.46519470214844,218.4546356201172,198.12451171875,216.96823120117188,216.96823120117188,26397548759
2020-04-30,216.9091339111328,227.52969360351562,206.43692016601562,207.60205078125,207.60205078125,28089191904
2020-05-01,207.9017333984375,217.62802124023438,207.7808837890625,214.21910095214844,214.21910095214844,20816320834
2020-05-02,214.23008728027344,215.8475341796875,212.87867736816406,215.32537841796875,215.32537841796875,18260876092
2020-05-03,215.35206604003906,219.2708740234375,208.69236755371094,210.9331512451172,210.9331512451172,20469034664
2020-05-04,210.89085388183594,211.82838439941406,199.0477294921875,208.17401123046875,208.17401123046875,22602446422
2020-05-05,208.01300048828125,211.77862548828125,204.0311279296875,206.77439880371094,206.77439880371094,19004689099
2020-05-06,206.48135375976562,211.5346221923828,204.04087829589844,204.0557861328125,204.0557861328125,20343543799
2020-05-07,203.91285705566406,214.39247131347656,202.07484436035156,212.28941345214844,212.28941345214844,23594744655
2020-05-08,212.1982421875,216.3276824951172,208.8307342529297,212.9915771484375,212.9915771484375,20445139356
2020-05-09,213.1421661376953,214.73912048339844,209.07151794433594,211.60012817382812,211.60012817382812,18950547549
2020-05-10,211.5522003173828,211.5522003173828,182.71116638183594,188.5995635986328,188.5995635986328,25211575193
2020-05-11,188.63218688964844,191.36233520507812,180.7183380126953,185.912841796875,185.912841796875,20054601647
2020-05-12,185.87733459472656,191.60134887695312,185.70179748535156,189.3125,189.3125,15899726284
2020-05-13,189.3740997314453,200.19732666015625,189.12770080566406,199.1932830810547,199.1932830810547,17054662289
2020-05-14,198.89151000976562,204.1175994873047,196.8688201904297,202.9490966796875,202.9490966796875,20150524861
2020-05-15,202.9553985595703,203.56639099121094,193.75567626953125,195.62266540527344,195.62266540527344,16602342092
2020-05-16,195.61338806152344,202.7711944580078,194.5015869140625,200.6771240234375,200.6771240234375,15379081645
2020-05-17,200.60887145996094,209.1609344482422,200.10279846191406,207.15869140625,207.15869140625,15470397303
2020-05-18,207.17977905273438,215.90846252441406,207.10906982421875,214.52505493164062,214.52505493164062,17411566928
2020-05-19,214.6049346923828,214.6049346923828,210.14305114746094,213.45111083984375,213.45111083984375,14346192779
2020-05-20,213.4462432861328,214.71682739257812,207.97581481933594,210.09674072265625,210.09674072265625,12730175511
2020-05-21,210.129150390625,211.62518310546875,193.346435546875,199.88360595703125,199.88360595703125,13308321229
2020-05-22,199.8371124267578,208.59153747558594,198.04086303710938,207.169189453125,207.169189453125,12041592114
2020-05-23,207.19448852539062,210.38645935058594,205.29421997070312,208.69439697265625,208.69439697265625,10665476768
2020-05-24,208.716064453125,210.59507751464844,202.37034606933594,202.37034606933594,202.37034606933594,11833299572
2020-05-25,201.98265075683594,206.3614501953125,200.6675567626953,205.3197479248047,205.3197479248047,10415044124
2020-05-26,205.2595672607422,205.75254821777344,200.2642822265625,201.90231323242188,201.90231323242188,10159741290
2020-05-27,201.89300537109375,208.86343383789062,201.78506469726562,208.86343383789062,208.86343383789062,10631034756
2020-05-28,208.88543701171875,220.27650451660156,206.24266052246094,219.84042358398438,219.84042358398438,12212469604
2020-05-29,219.925048828125,224.2168731689453,218.23805236816406,220.6751251220703,220.6751251220703,12265816557
2020-05-30,220.7172088623047,243.94314575195312,218.7444610595703,242.34559631347656,242.34559631347656,15027397867
2020-05-31,242.35137939453125,244.04525756835938,230.05282592773438,230.9757080078125,230.9757080078125,12234904813
2020-06-01,230.86026000976562,248.2362823486328,230.48805236816406,246.99176025390625,246.99176025390625,13951727936
2020-06-02,246.82818603515625,252.2220001220703,233.2252960205078,237.21905517578125,237.21905517578125,13782107567
2020-06-03,237.3952178955078,244.1793212890625,235.46444702148438,244.1793212890625,244.1793212890625,9861760817
2020-06-04,244.10528564453125,245.92897033691406,236.7653045654297,244.4263916015625,244.4263916015625,10170414304
2020-06-05,244.34959411621094,247.32949829101562,240.6820526123047,241.22198486328125,241.22198486328125,9293963914
2020-06-06,241.20135498046875,245.98104858398438,239.7245330810547,241.9313201904297,241.9313201904297,8114873845
2020-06-07,241.9080810546875,245.4352569580078,236.32525634765625,245.16725158691406,245.16725158691406,9544883157
2020-06-08,245.17857360839844,246.64419555664062,241.5421905517578,246.30990600585938,246.30990600585938,8076783299
2020-06-09,246.17501831054688,248.34243774414062,242.3385467529297,244.9114532470703,244.9114532470703,8446545788
2020-06-10,244.8220672607422,248.65115356445312,242.8197479248047,247.4449462890625,247.4449462890625,8792990206
2020-06-11,247.5485382080078,249.8883056640625,229.94297790527344,231.70266723632812,231.70266723632812,12356528860
2020-06-12,231.62545776367188,239.3546905517578,229.6450653076172,237.4932098388672,237.4932098388672,8868955009
2020-06-13,237.54461669921875,239.19309997558594,235.88967895507812,238.90884399414062,238.90884399414062,7141624980
2020-06-14,238.9681854248047,239.10145568847656,232.95819091796875,234.1147003173828,234.1147003173828,7439385176
2020-06-15,234.0583038330078,234.2378387451172,221.24176025390625,229.9289093017578,229.9289093017578,10536099884
2020-06-16,229.76229858398438,236.39430236816406,228.4261474609375,234.41616821289062,234.41616821289062,7965648016
2020-06-17,234.49237060546875,235.9540557861328,229.34164428710938,233.0282745361328,233.0282745361328,7701391592
2020-06-18,232.89869689941406,234.57064819335938,228.95143127441406,232.10116577148438,232.10116577148438,6713800872
2020-06-19,231.95497131347656,232.15411376953125,226.79518127441406,227.13829040527344,227.13829040527344,6946372590
2020-06-20,226.9763641357422,231.4490203857422,226.640625,229.27426147460938,229.27426147460938,6252830566
2020-06-21,229.2161407470703,232.35894775390625,228.4929962158203,228.9898223876953,228.9898223876953,5600408178
2020-06-22,229.0033721923828,243.77601623535156,228.9347381591797,242.53318786621094,242.53318786621094,9079586552
2020-06-23,242.53701782226562,244.86441040039062,239.75973510742188,244.14215087890625,244.14215087890625,6624530348
2020-06-24,244.18592834472656,248.50802612304688,232.8077392578125,235.7724609375,235.7724609375,8815030025
2020-06-25,235.70285034179688,236.05340576171875,230.29660034179688,232.94448852539062,232.94448852539062,7010426122
2020-06-26,232.8774871826172,233.9019317626953,229.25946044921875,229.6680450439453,229.6680450439453,7187490226
2020-06-27,229.63148498535156,232.49342346191406,220.5645751953125,222.9597930908203,222.9597930908203,6918380955
2020-06-28,222.91448974609375,228.59828186035156,219.47267150878906,225.34716796875,225.34716796875,6205925718
2020-06-29,225.36143493652344,229.90321350097656,222.25498962402344,228.1948699951172,228.1948699951172,6726164653
2020-06-30,227.9684295654297,229.476806640625,224.815185546875,226.31500244140625,226.31500244140625,6094093001
2020-07-01,226.13458251953125,232.75611877441406,224.8357391357422,231.11341857910156,231.11341857910156,6463737443
2020-07-02,231.28890991210938,232.39688110351562,225.4619598388672,229.39219665527344,229.39219665527344,6212210566
2020-07-03,229.31895446777344,229.6293182373047,224.91397094726562,225.38706970214844,225.38706970214844,5109032700
2020-07-04,225.28848266601562,230.05413818359375,225.13331604003906,229.07411193847656,229.07411193847656,5228310135
2020-07-05,228.9761962890625,229.85671997070312,224.54449462890625,227.6645965576172,227.6645965576172,5292172429
2020-07-06,227.6850128173828,242.13270568847656,227.02952575683594,241.51022338867188,241.51022338867188,8782917553
2020-07-07,240.97259521484375,242.68185424804688,234.21865844726562,239.07553100585938,239.07553100585938,6441497597
2020-07-08,239.15997314453125,248.30886840820312,238.39837646484375,246.67001342773438,246.67001342773438,9892586411
2020-07-09,246.748291015625,247.2916717529297,239.89865112304688,243.01596069335938,243.01596069335938,8429099199
2020-07-10,242.86801147460938,242.8837890625,236.73052978515625,240.9849853515625,240.9849853515625,7281370522
2020-07-11,241.04478454589844,241.52748107910156,238.33123779296875,239.4581756591797,239.4581756591797,5643067316
2020-07-12,239.4596405029297,243.31114196777344,237.7702178955078,242.13169860839844,242.13169860839844,6596394718
2020-07-13,242.18186950683594,244.31051635742188,238.2323760986328,239.60458374023438,239.60458374023438,7787751468
2020-07-14,239.97561645507812,242.0037841796875,237.7961883544922,240.21148681640625,240.21148681640625,7357458555
2020-07-15,240.14364624023438,241.40269470214844,237.09617614746094,238.42352294921875,238.42352294921875,6189328448
2020-07-16,238.45091247558594,239.00625610351562,231.6211700439453,233.64088439941406,233.64088439941406,5832057567
2020-07-17,233.69139099121094,234.41506958007812,232.10997009277344,232.77308654785156,232.77308654785156,5859850529
2020-07-18,232.85568237304688,236.54397583007812,232.32489013671875,235.4838104248047,235.4838104248047,5397402117
2020-07-19,235.4582977294922,239.1606903076172,233.2797393798828,238.48751831054688,238.48751831054688,6251377305
2020-07-20,238.494873046875,239.5762481689453,234.85264587402344,236.15316772460938,236.15316772460938,5600686192
2020-07-21,236.30250549316406,246.18626403808594,235.68096923828125,245.0167236328125,245.0167236328125,6806696015
2020-07-22,245.03726196289062,262.98504638671875,242.48434448242188,262.1906433105469,262.1906433105469,7702077383
2020-07-23,262.3886413574219,277.5834655761719,261.0470886230469,274.6890563964844,274.6890563964844,10281309262
2020-07-24,274.7226867675781,286.1928405761719,269.2397766113281,279.2154235839844,279.2154235839844,9466060358
2020-07-25,279.0263671875,306.7409973144531,279.0263671875,304.0567626953125,304.0567626953125,10785021813
2020-07-26,303.6923828125,316.3863220214844,300.267822265625,309.64361572265625,309.64361572265625,12003973026
2020-07-27,309.6579284667969,330.7012023925781,309.6579284667969,321.51409912109375,321.51409912109375,15644257058
2020-07-28,321.8297424316406,325.9059753417969,307.7213439941406,316.6572570800781,316.6572570800781,12357108065
2020-07-29,316.55535888671875,324.38079833984375,313.1095886230469,318.1908874511719,318.1908874511719,10878845706
2020-07-30,318.1449890136719,338.6311950683594,315.7510986328125,334.5866394042969,334.5866394042969,11827689045
2020-07-31,334.63372802734375,348.6113586425781,329.3409423828125,345.5546569824219,345.5546569824219,12030600492
2020-08-01,345.7986145019531,388.84796142578125,343.5874328613281,385.19970703125,385.19970703125,14045259477
2020-08-02,385.54986572265625,411.2283020019531,357.1436462402344,370.6717224121094,370.6717224121094,18909744275
2020-08-03,371.13385009765625,396.5069885253906,369.3363342285156,386.295166015625,386.295166015625,12834648062
2020-08-04,386.1564636230469,400.70062255859375,382.985107421875,389.87548828125,389.87548828125,14086704221
2020-08-05,389.7108154296875,406.303955078125,386.2184753417969,401.590576171875,401.590576171875,12875466638
2020-08-06,401.5838623046875,403.4886779785156,392.6001892089844,394.9619445800781,394.9619445800781,11304626458
2020-08-07,395.22686767578125,398.2490234375,367.9355163574219,379.5128479003906,379.5128479003906,12751687084
2020-08-08,379.55157470703125,393.98736572265625,377.3497314453125,393.98736572265625,393.98736572265625,9342060531
2020-08-09,395.30523681640625,399.7370910644531,385.8307189941406,391.1204528808594,391.1204528808594,9451065592
2020-08-10,391.04150390625,399.3759460449219,391.04150390625,395.8875732421875,395.8875732421875,11685827893
2020-08-11,395.89471435546875,398.4789123535156,370.8606262207031,380.3840637207031,380.3840637207031,12792218737
2020-08-12,380.0638122558594,391.31231689453125,367.9236145019531,391.024169921875,391.024169921875,12408772745
2020-08-13,390.8381042480469,432.90460205078125,379.71087646484375,428.7417907714844,428.7417907714844,18480303526
2020-08-14,428.6772766113281,444.5777587890625,423.3458557128906,437.3978271484375,437.3978271484375,15064589987
2020-08-15,437.56298828125,441.7546081542969,429.8746032714844,433.35491943359375,433.35491943359375,12416067894
2020-08-16,433.3505859375,436.2658386230469,415.08624267578125,433.78662109375,433.78662109375,12168816874
2020-08-17,433.9737548828125,442.7349853515625,422.64727783203125,429.53125,429.53125,13227089410
2020-08-18,429.66961669921875,432.5802917480469,419.6741027832031,423.6693115234375,423.6693115234375,11978984079
2020-08-19,423.73858642578125,427.024658203125,396.6783447265625,406.4637756347656,406.4637756347656,13137391167
2020-08-20,406.7589111328125,418.73443603515625,404.0260925292969,416.4397888183594,416.4397888183594,10043032427
2020-08-21,416.1487731933594,418.6379699707031,387.4411315917969,389.1263427734375,389.1263427734375,11781796374
2020-08-22,389.0310974121094,396.4665832519531,382.81463623046875,395.83514404296875,395.83514404296875,10131847985
2020-08-23,395.5628356933594,396.49041748046875,385.039794921875,391.3844909667969,391.3844909667969,8137303970
2020-08-24,391.6789855957031,409.3885803222656,389.3146057128906,408.1441955566406,408.1441955566406,10328860398
2020-08-25,408.0716857910156,408.5279235839844,374.3553771972656,384.00103759765625,384.00103759765625,12428442042
2020-08-26,383.9774475097656,391.8732604980469,378.7058410644531,386.46612548828125,386.46612548828125,9967343483
2020-08-27,386.60986328125,395.34918212890625,374.8664855957031,382.63262939453125,382.63262939453125,10457777652
2020-08-28,382.62957763671875,397.75762939453125,381.2738342285156,395.8746643066406,395.8746643066406,9120674421
2020-08-29,395.6875915527344,405.6163635253906,393.03741455078125,399.9214782714844,399.9214782714844,8777703481
2020-08-30,399.61669921875,428.6639709472656,399.6083679199219,428.3957214355469,428.3957214355469,11211948040
2020-08-31,428.5090026855469,438.5603332519531,419.7701721191406,435.0797424316406,435.0797424316406,12774741797
2020-09-01,434.87445068359375,487.2118835449219,432.0791931152344,477.0519104003906,477.0519104003906,18862763756
2020-09-02,477.00787353515625,480.33099365234375,424.46002197265625,440.0404968261719,440.0404968261719,19691854014
2020-09-03,440.239990234375,449.532470703125,381.12969970703125,385.67193603515625,385.67193603515625,19622845896
2020-09-04,384.671630859375,402.4117431640625,371.6366882324219,388.24114990234375,388.24114990234375,16747106257
2020-09-05,388.03839111328125,394.1722717285156,316.77435302734375,335.26007080078125,335.26007080078125,29880047640
2020-09-06,335.3345642089844,359.7640380859375,319.0419006347656,353.3622741699219,353.3622741699219,27643678917
2020-09-07,353.45025634765625,358.2118835449219,326.2543640136719,352.6734924316406,352.6734924316406,21763614732
2020-09-08,353.2022705078125,355.5628662109375,328.8167724609375,337.60211181640625,337.60211181640625,17991403432
2020-09-09,337.8249206542969,359.16448974609375,332.1650085449219,351.1100158691406,351.1100158691406,14547933520
2020-09-10,351.4293212890625,377.3935852050781,351.11175537109375,368.1018981933594,368.1018981933594,31421134556
2020-09-11,368.1184997558594,376.6304016113281,355.58258056640625,374.6955871582031,374.6955871582031,27296269329
2020-09-12,374.59539794921875,387.5384521484375,367.8421936035156,387.18310546875,387.18310546875,13295405814
2020-09-13,387.519287109375,388.9598083496094,354.3401794433594,365.57000732421875,365.57000732421875,15005899191
2020-09-14,365.6995849609375,384.4851989746094,357.56976318359375,377.26885986328125,377.26885986328125,17536695361
2020-09-15,377.1540222167969,381.50830078125,363.6068115234375,364.8392028808594,364.8392028808594,16140584321
2020-09-16,364.7439880371094,372.7674255371094,356.6827392578125,365.8122863769531,365.8122863769531,16107612177
2020-09-17,365.86578369140625,393.901611328125,364.7951354980469,389.01922607421875,389.01922607421875,19899531080
2020-09-18,389.3374938964844,391.9041442871094,376.9649963378906,384.3645324707031,384.3645324707031,14108357740
2020-09-19,384.0416564941406,387.07635498046875,378.72406005859375,385.54437255859375,385.54437255859375,11049507684
2020-09-20,385.5979919433594,385.5979919433594,367.0943603515625,371.0528259277344,371.0528259277344,12292195784
2020-09-21,371.400146484375,375.7370300292969,336.0689697265625,341.78607177734375,341.78607177734375,17398267133
2020-09-22,341.72381591796875,346.600830078125,336.85504150390625,344.503173828125,344.503173828125,12732578043
2020-09-23,344.58990478515625,344.67138671875,318.9692077636719,321.1163024902344,321.1163024902344,12899346599
2020-09-24,320.9850158691406,351.46148681640625,318.54510498046875,349.3555908203125,349.3555908203125,15714304470
2020-09-25,349.41143798828125,357.7727355957031,339.01593017578125,352.1832580566406,352.1832580566406,14381086966
2020-09-26,352.35089111328125,355.8547668457031,348.10711669921875,355.48809814453125,355.48809814453125,13049148579
2020-09-27,354.95989990234375,361.9844055175781,349.8340759277344,357.4385070800781,357.4385070800781,13598126926
2020-09-28,357.9259338378906,366.4321594238281,354.5476379394531,355.159423828125,355.159423828125,14258455166
2020-09-29,354.3630065917969,360.3533630371094,352.1468505859375,359.75738525390625,359.75738525390625,11600013236
2020-09-30,360.03851318359375,361.17877197265625,353.32794189453125,359.9378662109375,359.9378662109375,11818610610
2020-10-01,360.30914306640625,369.264404296875,346.47705078125,353.2059020996094,353.2059020996094,14679481911
2020-10-02,352.9496765136719,354.11541748046875,336.4671630859375,346.2389221191406,346.2389221191406,14215390463
2020-10-03,346.2186279296875,351.3077087402344,344.66656494140625,346.5220947265625,346.5220947265625,10060167889
2020-10-04,346.60223388671875,354.0457458496094,345.1310119628906,352.5790100097656,352.5790100097656,10696959020
2020-10-05,352.73681640625,355.2140808105469,349.6799011230469,353.956787109375,353.956787109375,11809507622
2020-10-06,353.95648193359375,354.989013671875,338.0032958984375,340.81585693359375,340.81585693359375,12830796112
2020-10-07,340.9430847167969,342.4508361816406,334.5455627441406,341.80865478515625,341.80865478515625,11929918060
2020-10-08,342.0446472167969,352.21148681640625,335.6474914550781,350.7661437988281,350.7661437988281,13461017711
2020-10-09,351.1128845214844,368.3103332519531,348.2058410644531,365.5904846191406,365.5904846191406,13043501763
2020-10-10,365.4024658203125,378.26715087890625,365.3540344238281,370.96759033203125,370.96759033203125,13618484324
2020-10-11,370.9284362792969,377.2467956542969,369.8280334472656,375.1420593261719,375.1420593261719,12584512533
2020-10-12,374.7987365722656,395.1221618652344,366.642333984375,387.73126220703125,387.73126220703125,15867455424
2020-10-13,387.1429443359375,387.37567138671875,375.58245849609375,381.1907653808594,381.1907653808594,14226744838
2020-10-14,381.9714660644531,387.2961730957031,374.1750183105469,379.4840393066406,379.4840393066406,13918846567
2020-10-15,379.1922302246094,381.2087707519531,371.3541259765625,377.44183349609375,377.44183349609375,14964182545
2020-10-16,377.8684997558594,380.0215148925781,362.597412109375,366.22900390625,366.22900390625,14670784817
2020-10-17,366.0157165527344,369.76812744140625,364.489013671875,368.8559265136719,368.8559265136719,10951115359
2020-10-18,368.7275390625,378.59765625,368.129150390625,378.21368408203125,378.21368408203125,11047103109
2020-10-19,378.4696350097656,383.3176574707031,373.7022705078125,379.93560791015625,379.93560791015625,12811242092
2020-10-20,379.7196960449219,380.7610168457031,367.60107421875,369.13690185546875,369.13690185546875,13741586582
2020-10-21,369.0594177246094,400.62725830078125,368.72796630859375,392.1899719238281,392.1899719238281,20241324322
2020-10-22,391.4886169433594,420.14166259765625,391.27630615234375,413.7729797363281,413.7729797363281,15772846485
2020-10-23,414.05133056640625,418.9599304199219,403.08203125,409.7666931152344,409.7666931152344,14256222052
2020-10-24,409.7672424316406,416.59967041015625,407.8517150878906,412.4576110839844,412.4576110839844,12201739194
2020-10-25,412.4576416015625,417.1592102050781,405.35064697265625,406.2177734375,406.2177734375,10890207469
2020-10-26,406.2179870605469,411.2798767089844,383.78289794921875,393.8883056640625,393.8883056640625,15155684229
2020-10-27,393.88818359375,409.7728576660156,390.60845947265625,403.9970397949219,403.9970397949219,13940434102
2020-10-28,403.9971008300781,408.9647521972656,381.1463317871094,388.6507568359375,388.6507568359375,15276441134
2020-10-29,388.65106201171875,393.2276916503906,381.28875732421875,386.7301025390625,386.7301025390625,12920477749
2020-10-30,386.7302551269531,391.4647216796875,375.0924072265625,382.8199768066406,382.8199768066406,13688056970
2020-10-31,382.8200378417969,393.0101318359375,381.2952575683594,386.59033203125,386.59033203125,11276963426
2020-11-01,386.59033203125,397.1161193847656,385.16552734375,396.3581848144531,396.3581848144531,10475146018
2020-11-02,396.3559875488281,403.2407531738281,381.01763916015625,383.15673828125,383.15673828125,13997574252
2020-11-03,383.1560363769531,389.515380859375,371.312744140625,387.6021728515625,387.6021728515625,12588494762
2020-11-04,387.60321044921875,407.6656494140625,377.8276062011719,402.1419982910156,402.1419982910156,15126077675
2020-11-05,402.1429443359375,417.52593994140625,397.2458190917969,414.0673522949219,414.0673522949219,15440711038
2020-11-06,414.06671142578125,456.20062255859375,412.9822998046875,454.71929931640625,454.71929931640625,16738305610
2020-11-07,454.7225646972656,465.67547607421875,428.45635986328125,435.713134765625,435.713134765625,18873289788
2020-11-08,435.71881103515625,457.78045654296875,433.1537780761719,453.5547790527344,453.5547790527344,11292383601
2020-11-09,453.57415771484375,457.349609375,435.16387939453125,444.1630554199219,444.1630554199219,13704320630
2020-11-10,444.1663818359375,453.75836181640625,439.6001281738281,449.67962646484375,449.67962646484375,12090381666
2020-11-11,449.6796569824219,473.578857421875,449.5249328613281,462.9605407714844,462.9605407714844,14075403511
2020-11-12,462.95953369140625,467.6778259277344,452.0724182128906,461.0052795410156,461.0052795410156,12877327234
2020-11-13,461.0054931640625,475.2172546386719,457.2982482910156,474.6264343261719,474.6264343261719,13191505725
2020-11-14,474.6264343261719,475.16143798828125,452.986083984375,460.14984130859375,460.14984130859375,10312037942
2020-11-15,460.14990234375,460.99407958984375,440.25433349609375,447.55908203125,447.55908203125,10308617165
2020-11-16,447.5589904785156,463.8310241699219,445.5016174316406,459.9403076171875,459.9403076171875,11441239444
2020-11-17,464.4066467285156,482.2322082519531,460.776611328125,480.3600769042969,480.3600769042969,14593057877
2020-11-18,480.3468322753906,491.9999084472656,465.8309631347656,479.48406982421875,479.48406982421875,17880199224
2020-11-19,479.48101806640625,480.1217346191406,465.7042541503906,471.63043212890625,471.63043212890625,12473929218
2020-11-20,471.6314697265625,513.6103515625,471.6314697265625,509.74456787109375,509.74456787109375,18629943296
2020-11-21,509.7445983886719,550.2274169921875,504.2377624511719,549.4866333007812,549.4866333007812,20757099184
2020-11-22,549.4866333007812,579.3724975585938,514.5172119140625,558.068115234375,558.068115234375,21967049601
2020-11-23,558.0595092773438,609.9876098632812,551.2652587890625,608.4540405273438,608.4540405273438,27272302872
2020-11-24,608.5227661132812,621.1734008789062,593.8351440429688,603.8977661132812,603.8977661132812,23281758100
2020-11-25,603.9020385742188,605.0941772460938,559.67138671875,570.6866455078125,570.6866455078125,20088492893
2020-11-26,570.514892578125,575.6414794921875,485.497314453125,518.8011474609375,518.8011474609375,31104004592
2020-11-27,519.1080932617188,530.7771606445312,497.24261474609375,517.4937133789062,517.4937133789062,16831105703
2020-11-28,517.5973510742188,548.0448608398438,508.1253662109375,538.2297973632812,538.2297973632812,14770243833
2020-11-29,538.2645874023438,576.6024169921875,531.987548828125,575.758056640625,575.758056640625,15017517758
2020-11-30,575.757080078125,615.2405395507812,571.5377807617188,614.842529296875,614.842529296875,20276867833
2020-12-01,615.0703125,635.1605834960938,571.7539672851562,587.3241577148438,587.3241577148438,27178964465
2020-12-02,587.2615966796875,604.0224609375,578.7410278320312,598.3523559570312,598.3523559570312,16883292129
2020-12-03,598.459228515625,622.4526977539062,588.3463745117188,616.708740234375,616.708740234375,16146190946
2020-12-04,616.7227783203125,618.983154296875,569.2835083007812,569.3541870117188,569.3541870117188,16337589997
2020-12-05,569.34765625,596.595458984375,563.1066284179688,596.595458984375,596.595458984375,13498010566
2020-12-06,596.5686645507812,606.7919311523438,584.4117431640625,601.9089965820312,601.9089965820312,11290893016
2020-12-07,601.797119140625,602.9179077148438,585.4286499023438,591.8433837890625,591.8433837890625,10720480962
2020-12-08,591.9008178710938,594.7515869140625,552.46923828125,554.8277587890625,554.8277587890625,14398919320
2020-12-09,554.7929077148438,577.2883911132812,532.9984130859375,573.4791259765625,573.4791259765625,15855915840
2020-12-10,573.5040283203125,574.6001586914062,549.7840576171875,559.6785278320312,559.6785278320312,11672582040
2020-12-11,559.67919921875,560.376708984375,537.8116455078125,545.79736328125,545.79736328125,11098819124
2020-12-12,545.5785522460938,573.3394165039062,545.24560546875,568.5673217773438,568.5673217773438,8534557897
2020-12-13,568.60986328125,593.78125,564.5659790039062,589.6632080078125,589.6632080078125,9070377862
2020-12-14,589.782470703125,590.4929809570312,577.118408203125,586.0111694335938,586.0111694335938,8125837102
2020-12-15,586.0217895507812,596.2477416992188,580.6287841796875,589.3555908203125,589.3555908203125,9326645840
2020-12-16,589.378662109375,636.6403198242188,582.0391235351562,636.1818237304688,636.1818237304688,15817248373
2020-12-17,636.1541748046875,673.834228515625,628.7493896484375,642.8689575195312,642.8689575195312,25479532147
2020-12-18,642.9169921875,662.6990966796875,632.3560791015625,654.8119506835938,654.8119506835938,15756303983
2020-12-19,654.6242065429688,668.7695922851562,646.6162109375,659.2979125976562,659.2979125976562,12830893778
2020-12-20,659.18505859375,659.9237060546875,625.0144653320312,638.2908325195312,638.2908325195312,13375855442
2020-12-21,638.315185546875,646.8465576171875,600.8360595703125,609.81787109375,609.81787109375,14419493621
2020-12-22,609.4205322265625,635.0765991210938,589.552001953125,634.8541870117188,634.8541870117188,14745890080
2020-12-23,634.8245849609375,637.122802734375,560.3642578125,583.714599609375,583.714599609375,15261413038
2020-12-24,584.1356201171875,613.815185546875,568.5963745117188,611.607177734375,611.607177734375,14317413703
2020-12-25,611.5545654296875,633.0614013671875,605.4244384765625,626.4107055664062,626.4107055664062,13520927700
2020-12-26,626.498046875,650.721435546875,617.402099609375,635.8358154296875,635.8358154296875,14761125202
2020-12-27,635.8871459960938,711.3935546875,628.3349609375,682.642333984375,682.642333984375,26093552821
2020-12-28,683.205810546875,745.8777465820312,683.205810546875,730.3973388671875,730.3973388671875,24222565862
2020-12-29,730.3587036132812,737.952880859375,692.1494140625,731.5201416015625,731.5201416015625,18710683199
2020-12-30,731.4728393554688,754.30322265625,720.9888916015625,751.6189575195312,751.6189575195312,17294574210
2020-12-31,751.6266479492188,754.2994384765625,726.5119018554688,737.8034057617188,737.8034057617188,13926846861
2021-01-01,737.7083740234375,749.2018432617188,719.792236328125,730.3675537109375,730.3675537109375,13652004358
